Title,Price,Location
"1 /27 Nuevo TOP Oportunidad 350.000 € Chalet en Cedeira Cedeira 3 habs. 2 baños 140 m² Venta de casa de independiente reformada en cedeira.
Distribuida en 2 plantas con escalera interior.
Planta baja con 2 cocinas, sa... Llamar Contactar Avísame si baja",1 /27 Nuevo TOP Oportunidad 350.000 €,"1 /27 Nuevo TOP Oportunidad 350.000 € Chalet en Cedeira Cedeira 3 habs. 2 baños 140 m² Venta de casa de independiente reformada en cedeira.
Distribuida en 2 plantas con escalera interior.
Planta baja con 2 cocinas, sa... Llamar Contactar Avísame si baja"
"1 /22 DESTACADO 134.900 € Apartamento en calle de la Granxa Cedeira 2 habs. 1 baño 55 m² 2ª planta ¡Tu refugio junto al mar: el descanso que siempre soñaste, ahora a tu alcance!

Presentamos este segundo piso ubicado en una de la... Llamar Contactar Avísame si baja WhatsApp",1 /22 DESTACADO 134.900 €,"1 /22 DESTACADO 134.900 € Apartamento en calle de la Granxa Cedeira 2 habs. 1 baño 55 m² 2ª planta ¡Tu refugio junto al mar: el descanso que siempre soñaste, ahora a tu alcance!

Presentamos este segundo piso ubicado en una de la... Llamar Contactar Avísame si baja WhatsApp"
"1 /42 DESTACADO 180.000 € Casa en calle Nebril Cedeira 4 habs. 2 baños 145 m² Hoy nos desplazamos a cerbo, llamada oficialmente ""santalla de cervo"", parroquia del municipio de cedeira. Esta casa independiente... Llamar Contactar Avísame si baja WhatsApp",1 /42 DESTACADO 180.000 €,"1 /42 DESTACADO 180.000 € Casa en calle Nebril Cedeira 4 habs. 2 baños 145 m² Hoy nos desplazamos a cerbo, llamada oficialmente ""santalla de cervo"", parroquia del municipio de cedeira. Esta casa independiente... Llamar Contactar Avísame si baja WhatsApp"
"1 /44 DESTACADO 149.000 € Casa en calle Figueiras Cedeira 3 habs. 2 baños 171 m² Casa entre montaña y mar, a solo 10 km de cedeira.

¿Buscas un lugar donde desconectar sin renunciar a las comodidades? Esta casa ... Llamar Contactar Avísame si baja WhatsApp",1 /44 DESTACADO 149.000 €,"1 /44 DESTACADO 149.000 € Casa en calle Figueiras Cedeira 3 habs. 2 baños 171 m² Casa entre montaña y mar, a solo 10 km de cedeira.

¿Buscas un lugar donde desconectar sin renunciar a las comodidades? Esta casa ... Llamar Contactar Avísame si baja WhatsApp"
"1 /29 PREMIUM 130.000 € Piso en calle de los Puentes de García Rodríguez, 7 Cedeira 3 habs. 2 baños 112 m² 2ª planta Reservado _ se vende piso céntrico y muy amplio, ubicado en c/puentes garcía rodríguez, 7 - 2º, con una superficie construida de 1... Llamar Contactar Avísame si baja",1 /29 PREMIUM 130.000 €,"1 /29 PREMIUM 130.000 € Piso en calle de los Puentes de García Rodríguez, 7 Cedeira 3 habs. 2 baños 112 m² 2ª planta Reservado _ se vende piso céntrico y muy amplio, ubicado en c/puentes garcía rodríguez, 7 - 2º, con una superficie construida de 1... Llamar Contactar Avísame si baja"
"1 /50 PREMIUM 240.000 € Casa en calle Trabe, nº 3 Cedeira 8 habs. 2 baños 252 m² Se vende casa, antigua tienda de ultramarinos, hoy día todo dedicado a vivienda, de planta baja y planta alta, con un almacén unid... Llamar Contactar Avísame si baja",1 /50 PREMIUM 240.000 €,"1 /50 PREMIUM 240.000 € Casa en calle Trabe, nº 3 Cedeira 8 habs. 2 baños 252 m² Se vende casa, antigua tienda de ultramarinos, hoy día todo dedicado a vivienda, de planta baja y planta alta, con un almacén unid... Llamar Contactar Avísame si baja"
"1 /24 Nuevo PREMIUM 110.000 € Piso en calle de la Laguna Cedeira 3 habs. 2 baños 111 m² 3ª planta ¡Listo para entrar a vivir a un paso de la playa en cedeira!

Si buscas tranquilidad sin renunciar a la comodidad de tenerlo todo ... Llamar Contactar Avísame si baja",1 /24 Nuevo PREMIUM 110.000 €,"1 /24 Nuevo PREMIUM 110.000 € Piso en calle de la Laguna Cedeira 3 habs. 2 baños 111 m² 3ª planta ¡Listo para entrar a vivir a un paso de la playa en cedeira!

Si buscas tranquilidad sin renunciar a la comodidad de tenerlo todo ... Llamar Contactar Avísame si baja"
"1 /35 PREMIUM 130.000 € 9.000 € (-6%) Casa en calle Aneiros A Calzada (Cedeira) 3 habs. 2 baños 136 m² ¿Buscas tranquilidad, naturaleza y cercanía a la costa? Se vende esta casa independiente de 120 m² construidos, dividida en dos pl... Llamar Contactar Avísame si baja WhatsApp",1 /35 PREMIUM 130.000 €,"1 /35 PREMIUM 130.000 € 9.000 € (-6%) Casa en calle Aneiros A Calzada (Cedeira) 3 habs. 2 baños 136 m² ¿Buscas tranquilidad, naturaleza y cercanía a la costa? Se vende esta casa independiente de 120 m² construidos, dividida en dos pl... Llamar Contactar Avísame si baja WhatsApp"
"1 /21 PREMIUM 138.900 € Apartamento en calle de la Granxa Cedeira 2 habs. 1 baño 55 m² 3ª planta ¡Tu refugio junto al mar: el descanso que siempre soñaste, ahora a tu alcance!

Presentamos este tercer piso ubicado en una de las... Llamar Contactar Avísame si baja WhatsApp",1 /21 PREMIUM 138.900 €,"1 /21 PREMIUM 138.900 € Apartamento en calle de la Granxa Cedeira 2 habs. 1 baño 55 m² 3ª planta ¡Tu refugio junto al mar: el descanso que siempre soñaste, ahora a tu alcance!

Presentamos este tercer piso ubicado en una de las... Llamar Contactar Avísame si baja WhatsApp"
"1 /28 PREMIUM 165.000 € Piso en Rúa Estrada Cedeira 4 habs. 2 baños 152 m² 2ª planta Te presentamos este gran piso de 140 m². En uno de los pueblos más bonitos de la costa norte de a coruña, cedeira, villa marinera ... Llamar Contactar Avísame si baja WhatsApp",1 /28 PREMIUM 165.000 €,"1 /28 PREMIUM 165.000 € Piso en Rúa Estrada Cedeira 4 habs. 2 baños 152 m² 2ª planta Te presentamos este gran piso de 140 m². En uno de los pueblos más bonitos de la costa norte de a coruña, cedeira, villa marinera ... Llamar Contactar Avísame si baja WhatsApp"
"1 /20 PREMIUM 138.900 € Piso en calle de la Granxa Cedeira 2 habs. 1 baño 55 m² 3ª planta Acogedor apartamento a estrenar a 500 metros de la playa de a magdalena
Descubre este acogedor apartamento a estrenar, ubicado en ... Llamar Contactar Avísame si baja",1 /20 PREMIUM 138.900 €,"1 /20 PREMIUM 138.900 € Piso en calle de la Granxa Cedeira 2 habs. 1 baño 55 m² 3ª planta Acogedor apartamento a estrenar a 500 metros de la playa de a magdalena
Descubre este acogedor apartamento a estrenar, ubicado en ... Llamar Contactar Avísame si baja"
1 /23 PREMIUM 172.000 € 8.000 € (-4%) Piso en calle Avda Zumacarregui Cedeira 3 habs. 2 baños 91 m² 5ª planta En una de las villas marineras con más encanto y altamente demandada se encuentra este inmueble que te presentamos a continuación.... Llamar Contactar Avísame si baja WhatsApp,1 /23 PREMIUM 172.000 €,1 /23 PREMIUM 172.000 € 8.000 € (-4%) Piso en calle Avda Zumacarregui Cedeira 3 habs. 2 baños 91 m² 5ª planta En una de las villas marineras con más encanto y altamente demandada se encuentra este inmueble que te presentamos a continuación.... Llamar Contactar Avísame si baja WhatsApp
"1 /22 PREMIUM 134.900 € Piso en calle de la Granxa Cedeira 2 habs. 1 baño 74 m² 2ª planta A un paso de la playa, con trastero incluido y excelente equipamiento.
En el pintoresco y tranquilo pueblo costero de cedeira, se ... Llamar Contactar Avísame si baja",1 /22 PREMIUM 134.900 €,"1 /22 PREMIUM 134.900 € Piso en calle de la Granxa Cedeira 2 habs. 1 baño 74 m² 2ª planta A un paso de la playa, con trastero incluido y excelente equipamiento.
En el pintoresco y tranquilo pueblo costero de cedeira, se ... Llamar Contactar Avísame si baja"
"1 /30 Nuevo PREMIUM 140.000 € Piso en calle de Floreal Cedeira 3 habs. 2 baños 145 m² 1ª planta Amplia vivienda en el centro de cedeira, a 300 metros de la playa de a magdalena
Descubre esta magnífica vivienda de 130 m² constr... Llamar Contactar Avísame si baja",1 /30 Nuevo PREMIUM 140.000 €,"1 /30 Nuevo PREMIUM 140.000 € Piso en calle de Floreal Cedeira 3 habs. 2 baños 145 m² 1ª planta Amplia vivienda en el centro de cedeira, a 300 metros de la playa de a magdalena
Descubre esta magnífica vivienda de 130 m² constr... Llamar Contactar Avísame si baja"
"1 /19 PREMIUM 129.900 € Piso en calle de la Granxa Cedeira 2 habs. 1 baño 74 m² 1ª planta Espectacular piso en cedeira. Localizado
En pleno casco urbano.
En las cercanías de la playa del pueblo.
Ubicado en una calle tran... Llamar Contactar Avísame si baja",1 /19 PREMIUM 129.900 €,"1 /19 PREMIUM 129.900 € Piso en calle de la Granxa Cedeira 2 habs. 1 baño 74 m² 1ª planta Espectacular piso en cedeira. Localizado
En pleno casco urbano.
En las cercanías de la playa del pueblo.
Ubicado en una calle tran... Llamar Contactar Avísame si baja"
"1 /35 PREMIUM 140.000 € Casa rústica en calle Lugar Trabe, 6 Cedeira 4 habs. 1 baño 120 m² Hermosa casa de unos 120 metros ubicada en una parcela de unos 700 metros aproximadamente.
La vivienda está distribuida en planta ... Llamar Contactar Avísame si baja",1 /35 PREMIUM 140.000 €,"1 /35 PREMIUM 140.000 € Casa rústica en calle Lugar Trabe, 6 Cedeira 4 habs. 1 baño 120 m² Hermosa casa de unos 120 metros ubicada en una parcela de unos 700 metros aproximadamente.
La vivienda está distribuida en planta ... Llamar Contactar Avísame si baja"
"1 /35 PREMIUM 350.000 € Chalet en Avenida de Salinas Cedeira 4 habs. 2 baños 200 m² Casa unifamiliar con encanto a un paso de la playa de a magdalena y del centro de cedeira.
Te presentamos esta acogedora vivienda ... Llamar Contactar Avísame si baja",1 /35 PREMIUM 350.000 €,"1 /35 PREMIUM 350.000 € Chalet en Avenida de Salinas Cedeira 4 habs. 2 baños 200 m² Casa unifamiliar con encanto a un paso de la playa de a magdalena y del centro de cedeira.
Te presentamos esta acogedora vivienda ... Llamar Contactar Avísame si baja"
"1 /24 PREMIUM 130.000 € 9.000 € (-6%) Casa en calle Lugar Aneiros Cedeira 3 habs. 2 baños 136 m² Una casa con alma junto al mar para crear tu hogar o disfrutar de tu refugio en galicia.

¿Buscas un lugar donde tu familia pueda ... Llamar Contactar Avísame si baja WhatsApp",1 /24 PREMIUM 130.000 €,"1 /24 PREMIUM 130.000 € 9.000 € (-6%) Casa en calle Lugar Aneiros Cedeira 3 habs. 2 baños 136 m² Una casa con alma junto al mar para crear tu hogar o disfrutar de tu refugio en galicia.

¿Buscas un lugar donde tu familia pueda ... Llamar Contactar Avísame si baja WhatsApp"
"1 /10 PREMIUM 250.000 € Casa en Avenida de España Cedeira 6 habs. 2 baños 272 m² Presentamos una amplia casa, en venta, ubicada en avda. De españa, 41 de cedeira, ofrece un espacio cómodo y funcional para una fa... Llamar Contactar Avísame si baja",1 /10 PREMIUM 250.000 €,"1 /10 PREMIUM 250.000 € Casa en Avenida de España Cedeira 6 habs. 2 baños 272 m² Presentamos una amplia casa, en venta, ubicada en avda. De españa, 41 de cedeira, ofrece un espacio cómodo y funcional para una fa... Llamar Contactar Avísame si baja"
"1 /58 PREMIUM 260.000 € Chalet en calle San Andres Teixido No Number Cedeira 2 habs. 1 baño 142 m² Parcela con proyecto y amplias vistas al mar en san andrés de teixido (cedeira)
Presentamos esta exclusiva finca de más de 2.000 m... Llamar Contactar Avísame si baja WhatsApp",1 /58 PREMIUM 260.000 €,"1 /58 PREMIUM 260.000 € Chalet en calle San Andres Teixido No Number Cedeira 2 habs. 1 baño 142 m² Parcela con proyecto y amplias vistas al mar en san andrés de teixido (cedeira)
Presentamos esta exclusiva finca de más de 2.000 m... Llamar Contactar Avísame si baja WhatsApp"
1 /38 PREMIUM 199.000 € Dúplex en calle del Cerdido Cedeira 4 habs. 3 baños 143 m² 3ª planta Ref. 323. - atico-dúplex en el centro de cedeira muy próximo a la plaza roja y la playa en buen estado y con ascensor. En planta b... Llamar Contactar Avísame si baja WhatsApp,1 /38 PREMIUM 199.000 €,1 /38 PREMIUM 199.000 € Dúplex en calle del Cerdido Cedeira 4 habs. 3 baños 143 m² 3ª planta Ref. 323. - atico-dúplex en el centro de cedeira muy próximo a la plaza roja y la playa en buen estado y con ascensor. En planta b... Llamar Contactar Avísame si baja WhatsApp
"1 /19 PREMIUM 86.000 € Casa adosada en calle Espasante Cedeira 3 habs. 1 baño 247 m² Tu refugio con vistas al atlántico: inversión y naturaleza en cedeira
¿Buscas un proyecto con alma en uno de los rincones más auté... Llamar Contactar Avísame si baja WhatsApp",1 /19 PREMIUM 86.000 €,"1 /19 PREMIUM 86.000 € Casa adosada en calle Espasante Cedeira 3 habs. 1 baño 247 m² Tu refugio con vistas al atlántico: inversión y naturaleza en cedeira
¿Buscas un proyecto con alma en uno de los rincones más auté... Llamar Contactar Avísame si baja WhatsApp"
1 /36 PREMIUM 290.000 € Finca rústica en Cedeira Cedeira 4 habs. 2 baños 250 m² La ponderosa una residencia con alma donde la esencia gallega se transforma en un refugio de lujo natural  hay propiedades que sim... Llamar Contactar Avísame si baja,1 /36 PREMIUM 290.000 €,1 /36 PREMIUM 290.000 € Finca rústica en Cedeira Cedeira 4 habs. 2 baños 250 m² La ponderosa una residencia con alma donde la esencia gallega se transforma en un refugio de lujo natural  hay propiedades que sim... Llamar Contactar Avísame si baja
"1 /16 PREMIUM 55.000 € Casa en Pasaje Corveiro, nº 5 Corveiro (Cedeira) 336 m² Se vende casa de piedra para rehabilitar, con recercados en piedra de moeche en casi la totalidad de ventanas y puertas, y con fin... Llamar Contactar Avísame si baja",1 /16 PREMIUM 55.000 €,"1 /16 PREMIUM 55.000 € Casa en Pasaje Corveiro, nº 5 Corveiro (Cedeira) 336 m² Se vende casa de piedra para rehabilitar, con recercados en piedra de moeche en casi la totalidad de ventanas y puertas, y con fin... Llamar Contactar Avísame si baja"
"1 /11 PREMIUM 29.000 € Casa en calle del Cristo Cedeira 3 habs. 2 baños 91 m² Ponemos a la venta esta típica vivienda marinera, para restaurar, en pleno corazón del casco urbano d... Llamar Contactar Avísame si baja WhatsApp",1 /11 PREMIUM 29.000 €,"1 /11 PREMIUM 29.000 € Casa en calle del Cristo Cedeira 3 habs. 2 baños 91 m² Ponemos a la venta esta típica vivienda marinera, para restaurar, en pleno corazón del casco urbano d... Llamar Contactar Avísame si baja WhatsApp"
"1 /55 PREMIUM 395.000 € Chalet en Cedeira Cedeira 6 habs. 3 baños 335 m² Magnífico chalet en venta en ayuntamiento de cedeira. Localizado en pleno casco urbano del pueblo. 
A la entrada de cedeira, a esc... Llamar Contactar Avísame si baja",1 /55 PREMIUM 395.000 €,"1 /55 PREMIUM 395.000 € Chalet en Cedeira Cedeira 6 habs. 3 baños 335 m² Magnífico chalet en venta en ayuntamiento de cedeira. Localizado en pleno casco urbano del pueblo. 
A la entrada de cedeira, a esc... Llamar Contactar Avísame si baja"
"1 /66 PREMIUM 450.000 € Chalet en Avenida de Castelao Cedeira 8 habs. 3 baños 298 m² Norfegal vende.

**casa independiente en cedeira - ¡Tu nuevo hogar te espera! **

Bajamos esta propiedad de precio.

Información p... Llamar Contactar Avísame si baja",1 /66 PREMIUM 450.000 €,"1 /66 PREMIUM 450.000 € Chalet en Avenida de Castelao Cedeira 8 habs. 3 baños 298 m² Norfegal vende.

**casa independiente en cedeira - ¡Tu nuevo hogar te espera! **

Bajamos esta propiedad de precio.

Información p... Llamar Contactar Avísame si baja"
1 /40 PREMIUM 369.000 € Chalet en calle Laboreña A Costa (Cedeira) 6 habs. 2 baños 241 m² Imagina despertar cada día con vistas al mar en un entorno tranquilo y rodeado de naturaleza. Esta propiedad en cedeira ofrece tod... Llamar Contactar Avísame si baja,1 /40 PREMIUM 369.000 €,1 /40 PREMIUM 369.000 € Chalet en calle Laboreña A Costa (Cedeira) 6 habs. 2 baños 241 m² Imagina despertar cada día con vistas al mar en un entorno tranquilo y rodeado de naturaleza. Esta propiedad en cedeira ofrece tod... Llamar Contactar Avísame si baja
"1 /19 PREMIUM 295.000 € Casa en Cedeira Fontefría (Cedeira) 3 habs. 2 baños 150 m² Si lo que buscas es una vivienda con alma, donde la piedra y la historia se unan con la comodidad de una reforma integral, presta ... Llamar Contactar Avísame si baja WhatsApp",1 /19 PREMIUM 295.000 €,"1 /19 PREMIUM 295.000 € Casa en Cedeira Fontefría (Cedeira) 3 habs. 2 baños 150 m² Si lo que buscas es una vivienda con alma, donde la piedra y la historia se unan con la comodidad de una reforma integral, presta ... Llamar Contactar Avísame si baja WhatsApp"
"1 /22 PREMIUM 159.000 € Casa en Cedeira Muruxás (Cedeira) 3 habs. 1 baño 418 m² Hay propiedades que buscan estar cerca de todo. Y hay otras, como esta, pensadas para quienes desean precisamente lo contrario.

S... Llamar Contactar Avísame si baja WhatsApp",1 /22 PREMIUM 159.000 €,"1 /22 PREMIUM 159.000 € Casa en Cedeira Muruxás (Cedeira) 3 habs. 1 baño 418 m² Hay propiedades que buscan estar cerca de todo. Y hay otras, como esta, pensadas para quienes desean precisamente lo contrario.

S... Llamar Contactar Avísame si baja WhatsApp"
